row_id,video_id,agent_id,target_id,action,start_frame,stop_frame
0,438887472,mouse1,mouse3,submit,295,296
1,438887472,mouse1,mouse3,approach,2284,2288
2,438887472,mouse1,mouse3,approach,2290,2293
3,438887472,mouse1,mouse3,approach,2295,2296
4,438887472,mouse1,mouse4,attack,1280,1281
5,438887472,mouse1,mouse4,submit,1303,1304
6,438887472,mouse1,mouse4,submit,1415,1416
7,438887472,mouse1,mouse4,submit,1417,1430
8,438887472,mouse1,mouse4,submit,1470,1471
9,438887472,mouse1,mouse4,submit,1476,1478
10,438887472,mouse1,mouse4,submit,1480,1481
11,438887472,mouse1,mouse4,submit,1485,1486
12,438887472,mouse1,mouse4,submit,1487,1489
13,438887472,mouse1,mouse4,attack,1496,1501
14,438887472,mouse1,mouse4,attack,1504,1505
15,438887472,mouse1,mouse4,attack,1506,1538
16,438887472,mouse1,mouse4,submit,2370,2371
17,438887472,mouse1,mouse4,submit,2373,2375
18,438887472,mouse1,mouse4,submit,2378,2388
19,438887472,mouse1,mouse4,avoid,2556,2573
20,438887472,mouse1,mouse4,avoid,2574,2575
21,438887472,mouse1,self,rear,2180,2181
22,438887472,mouse1,self,rear,2191,2192
23,438887472,mouse1,self,rear,2336,2370
24,438887472,mouse1,self,rear,2372,2374
25,438887472,mouse1,self,rear,2383,2391
26,438887472,mouse1,self,rear,3080,3085
27,438887472,mouse1,self,rear,3088,3090
28,438887472,mouse1,self,rear,3093,3094
29,438887472,mouse1,self,rear,3097,3098
30,438887472,mouse1,self,rear,3102,3103
31,438887472,mouse1,self,rear,4306,4307
32,438887472,mouse1,self,rear,4316,4317
33,438887472,mouse1,self,rear,4318,4329
34,438887472,mouse1,self,rear,4337,4338
35,438887472,mouse1,self,rear,8851,8856
36,438887472,mouse1,self,rear,8862,8889
37,438887472,mouse1,self,rear,8890,9065
38,438887472,mouse1,self,rear,9068,9073
39,438887472,mouse1,self,rear,11513,11518
40,438887472,mouse1,self,rear,11519,11520
41,438887472,mouse1,self,rear,11525,11526
42,438887472,mouse1,self,rear,14461,14523
43,438887472,mouse2,mouse1,approach,735,736
44,438887472,mouse2,mouse1,avoid,1119,1120
45,438887472,mouse2,mouse1,avoid,1121,1137
46,438887472,mouse2,mouse1,avoid,1138,1139
47,438887472,mouse2,mouse1,avoid,1140,1166
48,438887472,mouse2,mouse1,avoid,8518,8519
49,438887472,mouse2,mouse1,avoid,8882,8883
50,438887472,mouse2,mouse1,avoid,8884,8923
51,438887472,mouse2,mouse1,approach,12055,12056
52,438887472,mouse2,mouse1,avoid,12563,12599
53,438887472,mouse2,mouse1,avoid,14877,14887
54,438887472,mouse2,mouse1,avoid,14889,14907
55,438887472,mouse2,mouse1,avoid,14908,14914
56,438887472,mouse2,mouse1,avoid,14916,14936
57,438887472,mouse2,mouse1,avoid,16634,16648
58,438887472,mouse2,mouse1,avoid,16654,16655
59,438887472,mouse2,mouse3,avoid,706,707
60,438887472,mouse2,mouse3,avoid,708,709
61,438887472,mouse2,mouse3,avoid,711,714
62,438887472,mouse2,mouse3,avoid,716,744
63,438887472,mouse2,mouse3,approach,1154,1155
64,438887472,mouse2,mouse3,approach,1362,1389
65,438887472,mouse2,mouse3,approach,1390,1392
66,438887472,mouse2,mouse3,approach,1393,1394
67,438887472,mouse2,mouse3,avoid,1405,1427
68,438887472,mouse2,mouse3,avoid,1428,1443
69,438887472,mouse2,mouse3,avoid,1444,1447
70,438887472,mouse2,mouse3,avoid,1449,1457
71,438887472,mouse2,mouse3,avoid,1458,1459
72,438887472,mouse2,mouse3,avoid,1460,1463
73,438887472,mouse2,mouse3,avoid,2591,2599
74,438887472,mouse2,mouse3,avoid,2600,2601
75,438887472,mouse2,mouse3,approach,2646,2650
76,438887472,mouse2,mouse3,avoid,2661,2664
77,438887472,mouse2,mouse3,avoid,2667,2691
78,438887472,mouse2,mouse3,avoid,2696,2697
79,438887472,mouse2,mouse3,avoid,2710,2713
80,438887472,mouse2,mouse3,avoid,3395,3439
81,438887472,mouse2,mouse3,approach,4979,4984
82,438887472,mouse2,mouse3,approach,4985,4997
83,438887472,mouse2,mouse3,chase,4997,5004
84,438887472,mouse2,mouse3,approach,7759,7781
85,438887472,mouse2,mouse3,submit,7910,7913
86,438887472,mouse2,mouse3,avoid,8521,8523
87,438887472,mouse2,mouse3,avoid,8529,8530
88,438887472,mouse2,mouse3,avoid,8540,8544
89,438887472,mouse2,mouse3,avoid,8546,8547
90,438887472,mouse2,mouse3,avoid,8548,8551
91,438887472,mouse2,mouse3,avoid,11953,11965
92,438887472,mouse2,mouse3,avoid,15503,15504
93,438887472,mouse2,mouse3,avoid,16931,16937
94,438887472,mouse2,mouse3,avoid,16939,16940
95,438887472,mouse2,mouse3,approach,17060,17066
96,438887472,mouse2,mouse3,approach,17068,17090
97,438887472,mouse2,mouse3,approach,18005,18036
98,438887472,mouse2,mouse3,avoid,18314,18354
99,438887472,mouse2,mouse4,avoid,119,165
100,438887472,mouse2,mouse4,avoid,169,171
101,438887472,mouse2,mouse4,avoid,178,180
102,438887472,mouse2,mouse4,avoid,706,707
103,438887472,mouse2,mouse4,avoid,715,727
104,438887472,mouse2,mouse4,avoid,1120,1169
105,438887472,mouse2,mouse4,avoid,2655,2659
106,438887472,mouse2,mouse4,avoid,2662,2712
107,438887472,mouse2,mouse4,avoid,2716,2718
108,438887472,mouse2,mouse4,avoid,4450,4451
109,438887472,mouse2,mouse4,avoid,4459,4518
110,438887472,mouse2,mouse4,avoid,4519,4520
111,438887472,mouse2,mouse4,avoid,4980,5023
112,438887472,mouse2,mouse4,approach,5369,5385
113,438887472,mouse2,mouse4,approach,5386,5388
114,438887472,mouse2,mouse4,submit,5500,5502
115,438887472,mouse2,mouse4,avoid,5516,5549
116,438887472,mouse2,mouse4,avoid,5550,5556
117,438887472,mouse2,mouse4,avoid,7162,7216
118,438887472,mouse2,mouse4,avoid,7219,7228
119,438887472,mouse2,mouse4,avoid,8887,8915
120,438887472,mouse2,mouse4,avoid,8916,8917
121,438887472,mouse2,mouse4,avoid,8919,8924
122,438887472,mouse2,mouse4,avoid,9436,9437
123,438887472,mouse2,mouse4,avoid,9452,9453
124,438887472,mouse2,mouse4,avoid,9454,9481
125,438887472,mouse2,mouse4,avoid,10107,10127
126,438887472,mouse2,mouse4,avoid,10591,10592
127,438887472,mouse2,mouse4,approach,15430,15444
128,438887472,mouse2,mouse4,avoid,15473,15474
129,438887472,mouse2,mouse4,avoid,15484,15504
130,438887472,mouse2,mouse4,approach,16636,16672
131,438887472,mouse2,mouse4,avoid,16815,16850
132,438887472,mouse2,mouse4,avoid,17061,17091
133,438887472,mouse2,mouse4,avoid,17681,17714
134,438887472,mouse2,mouse4,avoid,17948,17992
135,438887472,mouse2,self,rear,462,463
136,438887472,mouse2,self,rear,468,520
137,438887472,mouse2,self,rear,782,893
138,438887472,mouse2,self,rear,894,895
139,438887472,mouse2,self,rear,1543,1544
140,438887472,mouse2,self,rear,1553,1554
141,438887472,mouse2,self,rear,1555,1556
142,438887472,mouse2,self,rear,1584,1602
143,438887472,mouse2,self,rear,2122,2123
144,438887472,mouse2,self,rear,2130,2131
145,438887472,mouse2,self,rear,2135,2137
146,438887472,mouse2,self,rear,2138,2442
147,438887472,mouse2,self,rear,2447,2550
148,438887472,mouse2,self,rear,2551,2552
149,438887472,mouse2,self,rear,2562,2564
150,438887472,mouse2,self,rear,2962,2965
151,438887472,mouse2,self,rear,2966,2988
152,438887472,mouse2,self,rear,3089,3093
153,438887472,mouse2,self,rear,3617,3635
154,438887472,mouse2,self,rear,3636,3653
155,438887472,mouse2,self,rear,3782,3784
156,438887472,mouse2,self,rear,3785,3790
157,438887472,mouse2,self,rear,3792,3810
158,438887472,mouse2,self,rear,3857,3858
159,438887472,mouse2,self,rear,3859,3938
160,438887472,mouse2,self,rear,4044,4045
161,438887472,mouse2,self,rear,4048,4049
162,438887472,mouse2,self,rear,4055,4059
163,438887472,mouse2,self,rear,4099,4100
164,438887472,mouse2,self,rear,4102,4110
165,438887472,mouse2,self,rear,4114,4128
166,438887472,mouse2,self,rear,4131,4132
167,438887472,mouse2,self,rear,4137,4139
168,438887472,mouse2,self,rear,4400,4435
169,438887472,mouse2,self,rear,4436,4437
170,438887472,mouse2,self,rear,4647,4683
171,438887472,mouse2,self,rear,4684,4685
172,438887472,mouse2,self,rear,4689,4690
173,438887472,mouse2,self,rear,4691,4694
174,438887472,mouse2,self,rear,4893,4895
175,438887472,mouse2,self,rear,4896,4941
176,438887472,mouse2,self,rear,4943,4945
177,438887472,mouse2,self,rear,4946,4947
178,438887472,mouse2,self,rear,4955,4957
179,438887472,mouse2,self,rear,4961,4964
180,438887472,mouse2,self,rear,4965,4966
181,438887472,mouse2,self,rear,4978,4979
182,438887472,mouse2,self,rear,5464,5466
183,438887472,mouse2,self,rear,5468,5469
184,438887472,mouse2,self,rear,5470,5504
185,438887472,mouse2,self,rear,7135,7136
186,438887472,mouse2,self,rear,7833,7834
187,438887472,mouse2,self,rear,7844,7847
188,438887472,mouse2,self,rear,7850,7851
189,438887472,mouse2,self,rear,7855,7858
190,438887472,mouse2,self,rear,7988,7991
191,438887472,mouse2,self,rear,7995,7997
192,438887472,mouse2,self,rear,8267,8268
193,438887472,mouse2,self,rear,8273,8275
194,438887472,mouse2,self,rear,8287,8290
195,438887472,mouse2,self,rear,8292,8293
196,438887472,mouse2,self,rear,8295,8296
197,438887472,mouse2,self,rear,8392,8483
198,438887472,mouse2,self,rear,8487,8489
199,438887472,mouse2,self,rear,10006,10016
200,438887472,mouse2,self,rear,10018,10019
201,438887472,mouse2,self,rear,10020,10024
202,438887472,mouse2,self,rear,10026,10027
203,438887472,mouse2,self,rear,10028,10100
204,438887472,mouse2,self,rear,10173,10174
205,438887472,mouse2,self,rear,10368,10369
206,438887472,mouse2,self,rear,10370,10371
207,438887472,mouse2,self,rear,10372,10379
208,438887472,mouse2,self,rear,10394,10399
209,438887472,mouse2,self,rear,10402,10403
210,438887472,mouse2,self,rear,10404,10518
211,438887472,mouse2,self,rear,11023,11024
212,438887472,mouse2,self,rear,11025,11093
213,438887472,mouse2,self,rear,11196,11204
214,438887472,mouse2,self,rear,11207,11208
215,438887472,mouse2,self,rear,11213,11215
216,438887472,mouse2,self,rear,11216,11217
217,438887472,mouse2,self,rear,11774,11778
218,438887472,mouse2,self,rear,11945,11946
219,438887472,mouse2,self,rear,12788,12793
220,438887472,mouse2,self,rear,12794,12880
221,438887472,mouse2,self,rear,12883,12885
222,438887472,mouse2,self,rear,12895,12896
223,438887472,mouse2,self,rear,12897,12902
224,438887472,mouse2,self,rear,12903,12905
225,438887472,mouse2,self,rear,13052,13054
226,438887472,mouse2,self,rear,13057,13110
227,438887472,mouse2,self,rear,13112,13113
228,438887472,mouse2,self,rear,13115,13117
229,438887472,mouse2,self,rear,13128,13131
230,438887472,mouse2,self,rear,13133,13138
231,438887472,mouse2,self,rear,13187,13188
232,438887472,mouse2,self,rear,13191,13220
233,438887472,mouse2,self,rear,13221,13233
234,438887472,mouse2,self,rear,13506,13509
235,438887472,mouse2,self,rear,13510,13541
236,438887472,mouse2,self,rear,14040,14214
237,438887472,mouse2,self,rear,14216,14332
238,438887472,mouse2,self,rear,14338,14340
239,438887472,mouse2,self,rear,14342,14343
240,438887472,mouse2,self,rear,14362,14365
241,438887472,mouse2,self,rear,14366,14446
242,438887472,mouse2,self,rear,14449,14454
243,438887472,mouse2,self,rear,14455,14464
244,438887472,mouse2,self,rear,14465,14472
245,438887472,mouse2,self,rear,14473,14483
246,438887472,mouse2,self,rear,14488,14489
247,438887472,mouse2,self,rear,14490,14493
248,438887472,mouse2,self,rear,14494,14517
249,438887472,mouse2,self,rear,14629,14636
250,438887472,mouse2,self,rear,14639,14641
251,438887472,mouse2,self,rear,14642,14643
252,438887472,mouse2,self,rear,14690,14755
253,438887472,mouse2,self,rear,14961,14962
254,438887472,mouse2,self,rear,14964,15054
255,438887472,mouse2,self,rear,15055,15058
256,438887472,mouse2,self,rear,15528,15531
257,438887472,mouse2,self,rear,15538,15553
258,438887472,mouse2,self,rear,15574,15575
259,438887472,mouse2,self,rear,15820,15884
260,438887472,mouse2,self,rear,15885,15903
261,438887472,mouse2,self,rear,15934,16058
262,438887472,mouse2,self,rear,16304,16370
263,438887472,mouse2,self,rear,16375,16446
264,438887472,mouse2,self,rear,16687,16688
265,438887472,mouse2,self,rear,16695,16696
266,438887472,mouse2,self,rear,16698,16815
267,438887472,mouse2,self,rear,16966,16978
268,438887472,mouse2,self,rear,17186,17189
269,438887472,mouse2,self,rear,17204,17205
270,438887472,mouse2,self,rear,17212,17213
271,438887472,mouse2,self,rear,17246,17247
272,438887472,mouse2,self,rear,17640,17646
273,438887472,mouse2,self,rear,17647,17648
274,438887472,mouse2,self,rear,17660,17673
275,438887472,mouse2,self,rear,17675,17676
276,438887472,mouse2,self,rear,17811,17866
277,438887472,mouse2,self,rear,17871,17872
278,438887472,mouse2,self,rear,17874,17907
279,438887472,mouse2,self,rear,17910,17924
280,438887472,mouse2,self,rear,17925,17927
281,438887472,mouse2,self,rear,18174,18178
282,438887472,mouse2,self,rear,18181,18184
283,438887472,mouse2,self,rear,18198,18204
284,438887472,mouse2,self,rear,18212,18213
285,438887472,mouse2,self,rear,18214,18215
286,438887472,mouse2,self,rear,18229,18235
287,438887472,mouse3,mouse1,avoid,267,317
288,438887472,mouse3,mouse1,avoid,798,816
289,438887472,mouse3,mouse1,avoid,2327,2328
290,438887472,mouse3,mouse1,avoid,2329,2332
291,438887472,mouse3,mouse1,avoid,2333,2335
292,438887472,mouse3,mouse1,avoid,2336,2337
293,438887472,mouse3,mouse1,avoid,2346,2356
294,438887472,mouse3,mouse1,avoid,3898,3899
295,438887472,mouse3,mouse1,approach,4141,4174
296,438887472,mouse3,mouse1,avoid,4195,4243
297,438887472,mouse3,mouse1,avoid,4249,4250
298,438887472,mouse3,mouse1,avoid,4251,4254
299,438887472,mouse3,mouse1,avoid,4259,4260
300,438887472,mouse3,mouse1,approach,5012,5014
301,438887472,mouse3,mouse1,approach,5016,5025
302,438887472,mouse3,mouse1,avoid,5070,5072
303,438887472,mouse3,mouse1,avoid,5082,5084
304,438887472,mouse3,mouse1,avoid,6538,6539
305,438887472,mouse3,mouse1,avoid,6540,6567
306,438887472,mouse3,mouse1,avoid,6569,6571
307,438887472,mouse3,mouse1,avoid,6590,6591
308,438887472,mouse3,mouse1,avoid,6592,6599
309,438887472,mouse3,mouse1,avoid,7221,7222
310,438887472,mouse3,mouse1,approach,7503,7529
311,438887472,mouse3,mouse1,avoid,7598,7637
312,438887472,mouse3,mouse1,avoid,7638,7641
313,438887472,mouse3,mouse1,avoid,8487,8488
314,438887472,mouse3,mouse1,avoid,8498,8524
315,438887472,mouse3,mouse1,avoid,8531,8545
316,438887472,mouse3,mouse1,approach,11732,11736
317,438887472,mouse3,mouse1,approach,11737,11739
318,438887472,mouse3,mouse1,approach,11741,11744
319,438887472,mouse3,mouse1,approach,11747,11749
320,438887472,mouse3,mouse1,approach,11751,11755
321,438887472,mouse3,mouse1,avoid,13524,13525
322,438887472,mouse3,mouse1,avoid,13526,13533
323,438887472,mouse3,mouse1,avoid,13538,13541
324,438887472,mouse3,mouse1,avoid,13543,13556
325,438887472,mouse3,mouse2,approach,607,670
326,438887472,mouse3,mouse2,approach,671,673
327,438887472,mouse3,mouse2,avoid,793,795
328,438887472,mouse3,mouse2,avoid,796,820
329,438887472,mouse3,mouse2,approach,3253,3269
330,438887472,mouse3,mouse2,chase,3269,3326
331,438887472,mouse3,mouse2,avoid,4802,4804
332,438887472,mouse3,mouse2,avoid,5003,5017
333,438887472,mouse3,mouse2,avoid,5018,5020
334,438887472,mouse3,mouse2,approach,6653,6670
335,438887472,mouse3,mouse2,avoid,6790,6794
336,438887472,mouse3,mouse2,avoid,6816,6817
337,438887472,mouse3,mouse2,approach,7243,7261
338,438887472,mouse3,mouse2,avoid,7313,7316
339,438887472,mouse3,mouse2,avoid,7317,7318
340,438887472,mouse3,mouse2,avoid,7908,7917
341,438887472,mouse3,mouse2,avoid,7953,7954
342,438887472,mouse3,mouse2,approach,8474,8476
343,438887472,mouse3,mouse2,approach,8477,8490
344,438887472,mouse3,mouse2,approach,8491,8492
345,438887472,mouse3,mouse2,chase,8500,8520
346,438887472,mouse3,mouse2,chase,8521,8528
347,438887472,mouse3,mouse2,chase,8529,8530
348,438887472,mouse3,mouse2,chase,10912,10913
349,438887472,mouse3,mouse2,avoid,17171,17221
350,438887472,mouse3,mouse2,avoid,17448,17449
351,438887472,mouse3,mouse2,chase,18353,18387
352,438887472,mouse3,mouse2,chase,18388,18392
353,438887472,mouse3,mouse4,avoid,268,305
354,438887472,mouse3,mouse4,avoid,306,307
355,438887472,mouse3,mouse4,avoid,611,612
356,438887472,mouse3,mouse4,avoid,613,616
357,438887472,mouse3,mouse4,avoid,618,619
358,438887472,mouse3,mouse4,avoid,2313,2315
359,438887472,mouse3,mouse4,avoid,2316,2318
360,438887472,mouse3,mouse4,avoid,2328,2339
361,438887472,mouse3,mouse4,avoid,2343,2344
362,438887472,mouse3,mouse4,avoid,2349,2357
363,438887472,mouse3,mouse4,avoid,2372,2374
364,438887472,mouse3,mouse4,avoid,3254,3255
365,438887472,mouse3,mouse4,avoid,3257,3298
366,438887472,mouse3,mouse4,avoid,3301,3307
367,438887472,mouse3,mouse4,avoid,3308,3326
368,438887472,mouse3,mouse4,approach,6279,6281
369,438887472,mouse3,mouse4,approach,6282,6283
370,438887472,mouse3,mouse4,approach,6284,6301
371,438887472,mouse3,mouse4,approach,8392,8402
372,438887472,mouse3,mouse4,approach,9533,9555
373,438887472,mouse3,mouse4,approach,10980,10983
374,438887472,mouse3,mouse4,avoid,11051,11052
375,438887472,mouse3,mouse4,avoid,11053,11067
376,438887472,mouse3,mouse4,approach,11293,11297
377,438887472,mouse3,mouse4,approach,15046,15065
378,438887472,mouse3,mouse4,approach,15066,15076
379,438887472,mouse3,mouse4,approach,17367,17368
380,438887472,mouse3,mouse4,approach,17369,17370
381,438887472,mouse3,mouse4,approach,17371,17376
382,438887472,mouse3,mouse4,approach,17377,17381
383,438887472,mouse3,mouse4,approach,17726,17758
384,438887472,mouse3,self,rear,24,26
385,438887472,mouse3,self,rear,27,58
386,438887472,mouse3,self,rear,60,61
387,438887472,mouse3,self,rear,348,349
388,438887472,mouse3,self,rear,350,351
389,438887472,mouse3,self,rear,354,355
390,438887472,mouse3,self,rear,357,361
391,438887472,mouse3,self,rear,363,372
392,438887472,mouse3,self,rear,854,903
393,438887472,mouse3,self,rear,947,955
394,438887472,mouse3,self,rear,961,965
395,438887472,mouse3,self,rear,1059,1088
396,438887472,mouse3,self,rear,1167,1174
397,438887472,mouse3,self,rear,1234,1236
398,438887472,mouse3,self,rear,1655,1720
399,438887472,mouse3,self,rear,1722,1741
400,438887472,mouse3,self,rear,1742,1754
401,438887472,mouse3,self,rear,1755,1804
402,438887472,mouse3,self,rear,1852,1866
403,438887472,mouse3,self,rear,2129,2171
404,438887472,mouse3,self,rear,2271,2284
405,438887472,mouse3,self,rear,3413,3414
406,438887472,mouse3,self,rear,3419,3420
407,438887472,mouse3,self,rear,3425,3511
408,438887472,mouse3,self,rear,3548,3549
409,438887472,mouse3,self,rear,3553,3554
410,438887472,mouse3,self,rear,3556,3557
411,438887472,mouse3,self,rear,3558,3565
412,438887472,mouse3,self,rear,3572,3729
413,438887472,mouse3,self,rear,3738,3742
414,438887472,mouse3,self,rear,3980,4019
415,438887472,mouse3,self,rear,6924,7045
416,438887472,mouse3,self,rear,8175,8176
417,438887472,mouse3,self,rear,8181,8182
418,438887472,mouse3,self,rear,8193,8196
419,438887472,mouse3,self,rear,8197,8203
420,438887472,mouse3,self,rear,8204,8234
421,438887472,mouse3,self,rear,8239,8310
422,438887472,mouse3,self,rear,8612,8618
423,438887472,mouse3,self,rear,8628,8657
424,438887472,mouse3,self,rear,8658,8659
425,438887472,mouse3,self,rear,9016,9028
426,438887472,mouse3,self,rear,9029,9030
427,438887472,mouse3,self,rear,9033,9036
428,438887472,mouse3,self,rear,9039,9040
429,438887472,mouse3,self,rear,9041,9043
430,438887472,mouse3,self,rear,9047,9049
431,438887472,mouse3,self,rear,9052,9055
432,438887472,mouse3,self,rear,9062,9064
433,438887472,mouse3,self,rear,9066,9085
434,438887472,mouse3,self,rear,9335,9351
435,438887472,mouse3,self,rear,9352,9353
436,438887472,mouse3,self,rear,9446,9479
437,438887472,mouse3,self,rear,11414,11415
438,438887472,mouse3,self,rear,11416,11421
439,438887472,mouse3,self,rear,11422,11508
440,438887472,mouse3,self,rear,14186,14188
441,438887472,mouse3,self,rear,14189,14195
442,438887472,mouse3,self,rear,14197,14198
443,438887472,mouse3,self,rear,14509,14510
444,438887472,mouse3,self,rear,14514,14515
445,438887472,mouse3,self,rear,14517,14519
446,438887472,mouse3,self,rear,14530,14569
447,438887472,mouse3,self,rear,14765,14766
448,438887472,mouse3,self,rear,14767,14990
449,438887472,mouse3,self,rear,15305,15306
450,438887472,mouse3,self,rear,15314,15323
451,438887472,mouse3,self,rear,15324,15326
452,438887472,mouse3,self,rear,15390,15391
453,438887472,mouse3,self,rear,15392,15393
454,438887472,mouse3,self,rear,15423,15425
455,438887472,mouse3,self,rear,15426,15428
456,438887472,mouse3,self,rear,15433,15434
457,438887472,mouse3,self,rear,15436,15440
458,438887472,mouse3,self,rear,15518,15519
459,438887472,mouse3,self,rear,15520,15521
460,438887472,mouse3,self,rear,15523,15524
461,438887472,mouse3,self,rear,15526,15529
462,438887472,mouse3,self,rear,15537,15538
463,438887472,mouse3,self,rear,15776,15780
464,438887472,mouse3,self,rear,15798,15799
465,438887472,mouse3,self,rear,16724,16726
466,438887472,mouse3,self,rear,17842,17853
467,438887472,mouse3,self,rear,17857,17859
468,438887472,mouse3,self,rear,17861,17862
469,438887472,mouse3,self,rear,17863,17879
470,438887472,mouse3,self,rear,17882,17887
471,438887472,mouse3,self,rear,18091,18094
472,438887472,mouse3,self,rear,18095,18102
473,438887472,mouse3,self,rear,18143,18146
474,438887472,mouse3,self,rear,18160,18161
475,438887472,mouse4,mouse1,avoid,419,423
476,438887472,mouse4,mouse1,avoid,425,426
477,438887472,mouse4,mouse1,avoid,428,430
478,438887472,mouse4,mouse1,avoid,465,540
479,438887472,mouse4,mouse1,approach,884,912
480,438887472,mouse4,mouse1,approach,1180,1203
481,438887472,mouse4,mouse1,attack,1268,1272
482,438887472,mouse4,mouse1,attack,1275,1277
483,438887472,mouse4,mouse1,attack,1278,1280
484,438887472,mouse4,mouse1,attack,1282,1326
485,438887472,mouse4,mouse1,attack,1330,1331
486,438887472,mouse4,mouse1,attack,1332,1335
487,438887472,mouse4,mouse1,chase,1366,1399
488,438887472,mouse4,mouse1,attack,1399,1535
489,438887472,mouse4,mouse1,approach,2107,2108
490,438887472,mouse4,mouse1,approach,2109,2110
491,438887472,mouse4,mouse1,chase,2236,2237
492,438887472,mouse4,mouse1,chase,2239,2266
493,438887472,mouse4,mouse1,attack,2366,2402
494,438887472,mouse4,mouse1,chase,2529,2532
495,438887472,mouse4,mouse1,chase,2533,2536
496,438887472,mouse4,mouse1,attack,2546,2547
497,438887472,mouse4,mouse1,attack,2548,2550
498,438887472,mouse4,mouse1,attack,2552,2553
499,438887472,mouse4,mouse1,attack,2554,2558
500,438887472,mouse4,mouse1,avoid,2584,2598
501,438887472,mouse4,mouse1,approach,3113,3114
502,438887472,mouse4,mouse1,approach,3115,3117
503,438887472,mouse4,mouse1,approach,4184,4227
504,438887472,mouse4,mouse1,avoid,4244,4246
505,438887472,mouse4,mouse1,avoid,4247,4248
506,438887472,mouse4,mouse1,avoid,4249,4260
507,438887472,mouse4,mouse1,avoid,4357,4386
508,438887472,mouse4,mouse1,avoid,6389,6402
509,438887472,mouse4,mouse1,avoid,8507,8512
510,438887472,mouse4,mouse1,avoid,8514,8515
511,438887472,mouse4,mouse1,avoid,8519,8540
512,438887472,mouse4,mouse1,approach,9192,9225
513,438887472,mouse4,mouse1,avoid,11300,11303
514,438887472,mouse4,mouse1,avoid,11308,11309
515,438887472,mouse4,mouse1,approach,11437,11448
516,438887472,mouse4,mouse1,approach,11454,11460
517,438887472,mouse4,mouse1,avoid,11521,11542
518,438887472,mouse4,mouse1,avoid,11545,11549
519,438887472,mouse4,mouse1,avoid,11556,11558
520,438887472,mouse4,mouse1,avoid,11881,11882
521,438887472,mouse4,mouse1,avoid,11883,11888
522,438887472,mouse4,mouse1,avoid,12058,12090
523,438887472,mouse4,mouse1,avoid,12101,12102
524,438887472,mouse4,mouse1,approach,12957,12958
525,438887472,mouse4,mouse1,approach,12959,12970
526,438887472,mouse4,mouse1,approach,12972,12985
527,438887472,mouse4,mouse1,avoid,13035,13093
528,438887472,mouse4,mouse1,approach,14608,14614
529,438887472,mouse4,mouse1,approach,16508,16523
530,438887472,mouse4,mouse1,approach,16524,16525
531,438887472,mouse4,mouse1,avoid,16547,16550
532,438887472,mouse4,mouse1,avoid,16551,16569
533,438887472,mouse4,mouse1,avoid,16576,16577
534,438887472,mouse4,mouse1,avoid,16578,16580
535,438887472,mouse4,mouse1,avoid,16582,16585
536,438887472,mouse4,mouse1,avoid,16586,16587
537,438887472,mouse4,mouse1,approach,17985,18016
538,438887472,mouse4,mouse1,avoid,18028,18080
539,438887472,mouse4,mouse1,approach,18229,18230
540,438887472,mouse4,mouse1,approach,18231,18240
541,438887472,mouse4,mouse1,avoid,18288,18326
542,438887472,mouse4,mouse2,approach,73,74
543,438887472,mouse4,mouse2,approach,76,101
544,438887472,mouse4,mouse2,approach,653,654
545,438887472,mouse4,mouse2,approach,665,676
546,438887472,mouse4,mouse2,chase,676,703
547,438887472,mouse4,mouse2,approach,900,910
548,438887472,mouse4,mouse2,approach,1102,1112
549,438887472,mouse4,mouse2,chase,1956,2007
550,438887472,mouse4,mouse2,approach,2604,2629
551,438887472,mouse4,mouse2,approach,2630,2631
552,438887472,mouse4,mouse2,approach,2878,2881
553,438887472,mouse4,mouse2,approach,2883,2892
554,438887472,mouse4,mouse2,approach,3080,3100
555,438887472,mouse4,mouse2,chase,3100,3196
556,438887472,mouse4,mouse2,approach,3196,3198
557,438887472,mouse4,mouse2,chase,3198,3218
558,438887472,mouse4,mouse2,chase,3219,3220
559,438887472,mouse4,mouse2,approach,4086,4111
560,438887472,mouse4,mouse2,avoid,4128,4136
561,438887472,mouse4,mouse2,avoid,4142,4143
562,438887472,mouse4,mouse2,avoid,4144,4151
563,438887472,mouse4,mouse2,approach,4360,4386
564,438887472,mouse4,mouse2,approach,4940,4941
565,438887472,mouse4,mouse2,approach,4942,4971
566,438887472,mouse4,mouse2,chase,5426,5468
567,438887472,mouse4,mouse2,attack,5491,5505
568,438887472,mouse4,mouse2,attack,5507,5512
569,438887472,mouse4,mouse2,attack,5513,5516
570,438887472,mouse4,mouse2,submit,5518,5519
571,438887472,mouse4,mouse2,approach,7111,7140
572,438887472,mouse4,mouse2,chase,8511,8513
573,438887472,mouse4,mouse2,chase,8515,8516
574,438887472,mouse4,mouse2,chase,8517,8530
575,438887472,mouse4,mouse2,chase,8531,8536
576,438887472,mouse4,mouse2,chase,8537,8546
577,438887472,mouse4,mouse2,approach,8819,8835
578,438887472,mouse4,mouse2,approach,9409,9428
579,438887472,mouse4,mouse2,approach,9431,9432
580,438887472,mouse4,mouse2,approach,10046,10051
581,438887472,mouse4,mouse2,approach,10057,10066
582,438887472,mouse4,mouse2,approach,10071,10088
583,438887472,mouse4,mouse2,avoid,10315,10320
584,438887472,mouse4,mouse2,avoid,10322,10330
585,438887472,mouse4,mouse2,avoid,10333,10337
586,438887472,mouse4,mouse2,approach,10510,10538
587,438887472,mouse4,mouse2,chase,10578,10614
588,438887472,mouse4,mouse2,approach,10616,10620
589,438887472,mouse4,mouse2,approach,11841,11842
590,438887472,mouse4,mouse2,approach,11848,11861
591,438887472,mouse4,mouse2,chase,11861,11910
592,438887472,mouse4,mouse2,approach,11914,11943
593,438887472,mouse4,mouse2,chase,11943,11944
594,438887472,mouse4,mouse2,chase,11945,11946
595,438887472,mouse4,mouse2,chase,11948,11950
596,438887472,mouse4,mouse2,chase,11951,11957
597,438887472,mouse4,mouse2,chase,11958,12010
598,438887472,mouse4,mouse2,avoid,12826,12829
599,438887472,mouse4,mouse2,avoid,13801,13824
600,438887472,mouse4,mouse2,avoid,14675,14676
601,438887472,mouse4,mouse2,avoid,14677,14679
602,438887472,mouse4,mouse2,approach,15428,15443
603,438887472,mouse4,mouse2,chase,16864,16876
604,438887472,mouse4,mouse2,chase,16881,16882
605,438887472,mouse4,mouse2,chase,16883,16892
606,438887472,mouse4,mouse2,chase,16893,16935
607,438887472,mouse4,mouse2,chase,16936,16938
608,438887472,mouse4,mouse2,chase,17055,17056
609,438887472,mouse4,mouse2,chase,17060,17061
610,438887472,mouse4,mouse2,approach,17633,17636
611,438887472,mouse4,mouse2,approach,17639,17640
612,438887472,mouse4,mouse2,approach,17648,17653
613,438887472,mouse4,mouse2,approach,17655,17660
614,438887472,mouse4,mouse2,approach,17910,17930
615,438887472,mouse4,mouse2,approach,18059,18083
616,438887472,mouse4,mouse2,avoid,18120,18173
617,438887472,mouse4,mouse2,avoid,18178,18182
618,438887472,mouse4,mouse3,approach,217,237
619,438887472,mouse4,mouse3,attack,262,263
620,438887472,mouse4,mouse3,approach,506,541
621,438887472,mouse4,mouse3,chase,637,638
622,438887472,mouse4,mouse3,chase,644,650
623,438887472,mouse4,mouse3,approach,650,678
624,438887472,mouse4,mouse3,chase,760,812
625,438887472,mouse4,mouse3,approach,2254,2257
626,438887472,mouse4,mouse3,approach,2269,2286
627,438887472,mouse4,mouse3,approach,2676,2677
628,438887472,mouse4,mouse3,avoid,2786,2840
629,438887472,mouse4,mouse3,approach,3207,3241
630,438887472,mouse4,mouse3,approach,4629,4634
631,438887472,mouse4,mouse3,approach,4636,4639
632,438887472,mouse4,mouse3,approach,4640,4641
633,438887472,mouse4,mouse3,approach,4644,4645
634,438887472,mouse4,mouse3,approach,4646,4647
635,438887472,mouse4,mouse3,avoid,6342,6373
636,438887472,mouse4,mouse3,avoid,8095,8096
637,438887472,mouse4,mouse3,avoid,8100,8113
638,438887472,mouse4,mouse3,approach,8392,8412
639,438887472,mouse4,mouse3,chase,8430,8431
640,438887472,mouse4,mouse3,chase,8432,8515
641,438887472,mouse4,mouse3,attack,8515,8519
642,438887472,mouse4,mouse3,chase,8519,8525
643,438887472,mouse4,mouse3,attack,8525,8527
644,438887472,mouse4,mouse3,chase,8527,8538
645,438887472,mouse4,mouse3,attack,8574,8578
646,438887472,mouse4,mouse3,attack,8652,8673
647,438887472,mouse4,mouse3,chase,8706,8707
648,438887472,mouse4,mouse3,chase,8712,8719
649,438887472,mouse4,mouse3,approach,8722,8723
650,438887472,mouse4,mouse3,approach,8724,8725
651,438887472,mouse4,mouse3,approach,8778,8782
652,438887472,mouse4,mouse3,approach,8783,8785
653,438887472,mouse4,mouse3,approach,8787,8789
654,438887472,mouse4,mouse3,approach,8794,8795
655,438887472,mouse4,mouse3,approach,8796,8797
656,438887472,mouse4,mouse3,avoid,8824,8827
657,438887472,mouse4,mouse3,avoid,9093,9097
658,438887472,mouse4,mouse3,avoid,9101,9103
659,438887472,mouse4,mouse3,avoid,9104,9107
660,438887472,mouse4,mouse3,avoid,9466,9474
661,438887472,mouse4,mouse3,avoid,10267,10273
662,438887472,mouse4,mouse3,avoid,10284,10285
663,438887472,mouse4,mouse3,avoid,10290,10300
664,438887472,mouse4,mouse3,avoid,10301,10306
665,438887472,mouse4,mouse3,avoid,10328,10329
666,438887472,mouse4,mouse3,avoid,10342,10352
667,438887472,mouse4,mouse3,approach,10976,10996
668,438887472,mouse4,mouse3,approach,11288,11313
669,438887472,mouse4,mouse3,chase,11318,11353
670,438887472,mouse4,mouse3,chase,11354,11356
671,438887472,mouse4,mouse3,approach,12594,12615
672,438887472,mouse4,mouse3,approach,13753,13774
673,438887472,mouse4,mouse3,approach,13776,13778
674,438887472,mouse4,mouse3,avoid,13816,13828
675,438887472,mouse4,mouse3,avoid,15101,15144
676,438887472,mouse4,mouse3,submit,15381,15383
677,438887472,mouse4,mouse3,submit,15386,15387
678,438887472,mouse4,mouse3,avoid,15423,15442
679,438887472,mouse4,mouse3,approach,15507,15529
680,438887472,mouse4,mouse3,avoid,15723,15793
681,438887472,mouse4,mouse3,approach,17367,17368
682,438887472,mouse4,mouse3,approach,17372,17379
683,438887472,mouse4,mouse3,approach,17396,17397
684,438887472,mouse4,mouse3,chase,17404,17458
685,438887472,mouse4,mouse3,avoid,17881,17937
686,438887472,mouse4,mouse3,avoid,18134,18135
687,438887472,mouse4,mouse3,avoid,18139,18143
688,438887472,mouse4,mouse3,avoid,18154,18175
689,438887472,mouse4,mouse3,avoid,18182,18186
690,438887472,mouse4,self,rear,155,156
691,438887472,mouse4,self,rear,158,185
692,438887472,mouse4,self,rear,276,291
693,438887472,mouse4,self,rear,317,319
694,438887472,mouse4,self,rear,323,393
695,438887472,mouse4,self,rear,394,415
696,438887472,mouse4,self,rear,957,975
697,438887472,mouse4,self,rear,1261,1262
698,438887472,mouse4,self,rear,1264,1265
699,438887472,mouse4,self,rear,1285,1293
700,438887472,mouse4,self,rear,1296,1297
701,438887472,mouse4,self,rear,1298,1301
702,438887472,mouse4,self,rear,1304,1305
703,438887472,mouse4,self,rear,1312,1313
704,438887472,mouse4,self,rear,1418,1419
705,438887472,mouse4,self,rear,1433,1434
706,438887472,mouse4,self,rear,1510,1511
707,438887472,mouse4,self,rear,1516,1518
708,438887472,mouse4,self,rear,1523,1524
709,438887472,mouse4,self,rear,1589,1590
710,438887472,mouse4,self,rear,1644,1656
711,438887472,mouse4,self,rear,1657,1658
712,438887472,mouse4,self,rear,1674,1675
713,438887472,mouse4,self,rear,1676,1684
714,438887472,mouse4,self,rear,1705,1706
715,438887472,mouse4,self,rear,1707,1709
716,438887472,mouse4,self,rear,1849,1938
717,438887472,mouse4,self,rear,1939,1940
718,438887472,mouse4,self,rear,2466,2473
719,438887472,mouse4,self,rear,2474,2483
720,438887472,mouse4,self,rear,2485,2486
721,438887472,mouse4,self,rear,2960,2962
722,438887472,mouse4,self,rear,2986,3036
723,438887472,mouse4,self,rear,3067,3068
724,438887472,mouse4,self,rear,3073,3074
725,438887472,mouse4,self,rear,3351,3393
726,438887472,mouse4,self,rear,3407,3447
727,438887472,mouse4,self,rear,3498,3534
728,438887472,mouse4,self,rear,3538,3539
729,438887472,mouse4,self,rear,3902,3903
730,438887472,mouse4,self,rear,3908,3909
731,438887472,mouse4,self,rear,4309,4311
732,438887472,mouse4,self,rear,4318,4319
733,438887472,mouse4,self,rear,4322,4323
734,438887472,mouse4,self,rear,4325,4330
735,438887472,mouse4,self,rear,4334,4335
736,438887472,mouse4,self,rear,4413,4414
737,438887472,mouse4,self,rear,4415,4418
738,438887472,mouse4,self,rear,4423,4425
739,438887472,mouse4,self,rear,4434,4435
740,438887472,mouse4,self,rear,4441,4442
741,438887472,mouse4,self,rear,4445,4446
742,438887472,mouse4,self,rear,4447,4483
743,438887472,mouse4,self,rear,4766,4798
744,438887472,mouse4,self,rear,4799,4801
745,438887472,mouse4,self,rear,4851,4853
746,438887472,mouse4,self,rear,4856,4898
747,438887472,mouse4,self,rear,5047,5100
748,438887472,mouse4,self,rear,5236,5244
749,438887472,mouse4,self,rear,5309,5310
750,438887472,mouse4,self,rear,5345,5346
751,438887472,mouse4,self,rear,5348,5375
752,438887472,mouse4,self,rear,5376,5397
753,438887472,mouse4,self,rear,5415,5416
754,438887472,mouse4,self,rear,5417,5419
755,438887472,mouse4,self,rear,5483,5504
756,438887472,mouse4,self,rear,5505,5506
757,438887472,mouse4,self,rear,5509,5510
758,438887472,mouse4,self,rear,5514,5515
759,438887472,mouse4,self,rear,5516,5571
760,438887472,mouse4,self,rear,5585,5596
761,438887472,mouse4,self,rear,5597,5600
762,438887472,mouse4,self,rear,5665,5666
763,438887472,mouse4,self,rear,5667,5673
764,438887472,mouse4,self,rear,5677,5678
765,438887472,mouse4,self,rear,5682,5704
766,438887472,mouse4,self,rear,5757,5758
767,438887472,mouse4,self,rear,5759,5837
768,438887472,mouse4,self,rear,5839,5887
769,438887472,mouse4,self,rear,5922,5923
770,438887472,mouse4,self,rear,5927,5946
771,438887472,mouse4,self,rear,5953,5954
772,438887472,mouse4,self,rear,5957,5978
773,438887472,mouse4,self,rear,6074,6097
774,438887472,mouse4,self,rear,6177,6228
775,438887472,mouse4,self,rear,6605,6606
776,438887472,mouse4,self,rear,6612,6627
777,438887472,mouse4,self,rear,6730,6777
778,438887472,mouse4,self,rear,6781,6785
779,438887472,mouse4,self,rear,6834,6835
780,438887472,mouse4,self,rear,6841,6850
781,438887472,mouse4,self,rear,6862,6863
782,438887472,mouse4,self,rear,6864,6910
783,438887472,mouse4,self,rear,6936,6964
784,438887472,mouse4,self,rear,6987,7017
785,438887472,mouse4,self,rear,7047,7052
786,438887472,mouse4,self,rear,7056,7059
787,438887472,mouse4,self,rear,7443,7473
788,438887472,mouse4,self,rear,7481,7538
789,438887472,mouse4,self,rear,7645,7676
790,438887472,mouse4,self,rear,8210,8211
791,438887472,mouse4,self,rear,8212,8213
792,438887472,mouse4,self,rear,8214,8243
793,438887472,mouse4,self,rear,8308,8325
794,438887472,mouse4,self,rear,8567,8570
795,438887472,mouse4,self,rear,8642,8645
796,438887472,mouse4,self,rear,8646,8648
797,438887472,mouse4,self,rear,8655,8659
798,438887472,mouse4,self,rear,9156,9157
799,438887472,mouse4,self,rear,9160,9187
800,438887472,mouse4,self,rear,9520,9538
801,438887472,mouse4,self,rear,9585,9586
802,438887472,mouse4,self,rear,9589,9590
803,438887472,mouse4,self,rear,9596,9602
804,438887472,mouse4,self,rear,9604,9605
805,438887472,mouse4,self,rear,9612,9617
806,438887472,mouse4,self,rear,9637,9638
807,438887472,mouse4,self,rear,9639,9640
808,438887472,mouse4,self,rear,9647,9651
809,438887472,mouse4,self,rear,9668,9728
810,438887472,mouse4,self,rear,9975,9977
811,438887472,mouse4,self,rear,9979,9981
812,438887472,mouse4,self,rear,10118,10119
813,438887472,mouse4,self,rear,10120,10121
814,438887472,mouse4,self,rear,10125,10152
815,438887472,mouse4,self,rear,10382,10383
816,438887472,mouse4,self,rear,10390,10391
817,438887472,mouse4,self,rear,10392,10395
818,438887472,mouse4,self,rear,10398,10435
819,438887472,mouse4,self,rear,10436,10437
820,438887472,mouse4,self,rear,10467,10468
821,438887472,mouse4,self,rear,10471,10472
822,438887472,mouse4,self,rear,10476,10477
823,438887472,mouse4,self,rear,10478,10479
824,438887472,mouse4,self,rear,10480,10481
825,438887472,mouse4,self,rear,10485,10487
826,438887472,mouse4,self,rear,10491,10492
827,438887472,mouse4,self,rear,10628,10658
828,438887472,mouse4,self,rear,10659,10799
829,438887472,mouse4,self,rear,10814,10831
830,438887472,mouse4,self,rear,10874,10902
831,438887472,mouse4,self,rear,11079,11084
832,438887472,mouse4,self,rear,11085,11086
833,438887472,mouse4,self,rear,11087,11088
834,438887472,mouse4,self,rear,11125,11149
835,438887472,mouse4,self,rear,11154,11156
836,438887472,mouse4,self,rear,11157,11181
837,438887472,mouse4,self,rear,11182,11183
838,438887472,mouse4,self,rear,11184,11186
839,438887472,mouse4,self,rear,11483,11485
840,438887472,mouse4,self,rear,11488,11489
841,438887472,mouse4,self,rear,11490,11491
842,438887472,mouse4,self,rear,11492,11499
843,438887472,mouse4,self,rear,11500,11510
844,438887472,mouse4,self,rear,11786,11801
845,438887472,mouse4,self,rear,11825,11826
846,438887472,mouse4,self,rear,11908,11909
847,438887472,mouse4,self,rear,12390,12392
848,438887472,mouse4,self,rear,12393,12430
849,438887472,mouse4,self,rear,12431,12434
850,438887472,mouse4,self,rear,12715,12748
851,438887472,mouse4,self,rear,12870,12875
852,438887472,mouse4,self,rear,12883,12885
853,438887472,mouse4,self,rear,12930,12943
854,438887472,mouse4,self,rear,12944,12952
855,438887472,mouse4,self,rear,13186,13225
856,438887472,mouse4,self,rear,13284,13289
857,438887472,mouse4,self,rear,13641,13642
858,438887472,mouse4,self,rear,13646,13661
859,438887472,mouse4,self,rear,13662,13664
860,438887472,mouse4,self,rear,13841,13857
861,438887472,mouse4,self,rear,13858,13859
862,438887472,mouse4,self,rear,13890,13900
863,438887472,mouse4,self,rear,13903,13906
864,438887472,mouse4,self,rear,14026,14028
865,438887472,mouse4,self,rear,14043,14048
866,438887472,mouse4,self,rear,14082,14083
867,438887472,mouse4,self,rear,14092,14093
868,438887472,mouse4,self,rear,14128,14129
869,438887472,mouse4,self,rear,14146,14148
870,438887472,mouse4,self,rear,14190,14191
871,438887472,mouse4,self,rear,14196,14198
872,438887472,mouse4,self,rear,14203,14204
873,438887472,mouse4,self,rear,14206,14248
874,438887472,mouse4,self,rear,14249,14263
875,438887472,mouse4,self,rear,14264,14267
876,438887472,mouse4,self,rear,14268,14272
877,438887472,mouse4,self,rear,14280,14281
878,438887472,mouse4,self,rear,14298,14344
879,438887472,mouse4,self,rear,14376,14378
880,438887472,mouse4,self,rear,14379,14403
881,438887472,mouse4,self,rear,14430,14444
882,438887472,mouse4,self,rear,14497,14509
883,438887472,mouse4,self,rear,14510,14523
884,438887472,mouse4,self,rear,14524,14538
885,438887472,mouse4,self,rear,14567,14581
886,438887472,mouse4,self,rear,14702,14745
887,438887472,mouse4,self,rear,14937,14938
888,438887472,mouse4,self,rear,14939,14943
889,438887472,mouse4,self,rear,14944,15087
890,438887472,mouse4,self,rear,15179,15215
891,438887472,mouse4,self,rear,15274,15293
892,438887472,mouse4,self,rear,15295,15297
893,438887472,mouse4,self,rear,15299,15301
894,438887472,mouse4,self,rear,15305,15350
895,438887472,mouse4,self,rear,15351,15381
896,438887472,mouse4,self,rear,15382,15384
897,438887472,mouse4,self,rear,15385,15386
898,438887472,mouse4,self,rear,15478,15498
899,438887472,mouse4,self,rear,15551,15552
900,438887472,mouse4,self,rear,15554,15556
901,438887472,mouse4,self,rear,15559,15605
902,438887472,mouse4,self,rear,15606,15610
903,438887472,mouse4,self,rear,15612,15613
904,438887472,mouse4,self,rear,15614,15615
905,438887472,mouse4,self,rear,15616,15716
906,438887472,mouse4,self,rear,15720,15721
907,438887472,mouse4,self,rear,15813,15814
908,438887472,mouse4,self,rear,15816,15817
909,438887472,mouse4,self,rear,15818,15823
910,438887472,mouse4,self,rear,15824,15825
911,438887472,mouse4,self,rear,15827,15833
912,438887472,mouse4,self,rear,15900,15903
913,438887472,mouse4,self,rear,15907,15911
914,438887472,mouse4,self,rear,15920,15941
915,438887472,mouse4,self,rear,15942,15944
916,438887472,mouse4,self,rear,16026,16027
917,438887472,mouse4,self,rear,16029,16030
918,438887472,mouse4,self,rear,16033,16038
919,438887472,mouse4,self,rear,16039,16050
920,438887472,mouse4,self,rear,16052,16054
921,438887472,mouse4,self,rear,16056,16065
922,438887472,mouse4,self,rear,16115,16116
923,438887472,mouse4,self,rear,16117,16191
924,438887472,mouse4,self,rear,16337,16341
925,438887472,mouse4,self,rear,16346,16347
926,438887472,mouse4,self,rear,16348,16366
927,438887472,mouse4,self,rear,16367,16372
928,438887472,mouse4,self,rear,16374,16383
929,438887472,mouse4,self,rear,16384,16386
930,438887472,mouse4,self,rear,16445,16446
931,438887472,mouse4,self,rear,16448,16449
932,438887472,mouse4,self,rear,16594,16595
933,438887472,mouse4,self,rear,16604,16605
934,438887472,mouse4,self,rear,16621,16651
935,438887472,mouse4,self,rear,16695,16712
936,438887472,mouse4,self,rear,16714,16754
937,438887472,mouse4,self,rear,16763,16764
938,438887472,mouse4,self,rear,16766,16782
939,438887472,mouse4,self,rear,16783,16784
940,438887472,mouse4,self,rear,16785,16789
941,438887472,mouse4,self,rear,17250,17287
942,438887472,mouse4,self,rear,17880,17883
